config,n_active,rule,sharpe,sortino,ann_return_pct,ann_vol_pct,max_drawdown_pct,calmar,pct_days_stressed,false_alarm_rate
full_ensemble,4,top-2,1.209,1.194,5.87,4.85,-6.2,0.946,28.0,0.958
cusum_only,1,top-1,0.862,0.834,5.08,5.89,-11.39,0.446,4.2,0.751
correlation_only,1,top-1,0.584,0.533,2.61,4.47,-7.91,0.33,49.3,0.797
breadth_only,1,top-1,1.627,1.664,8.1,4.98,-4.71,1.718,30.6,1.0
skewness_only,1,top-1,0.749,0.734,4.78,6.38,-11.81,0.405,19.3,0.972
no_cusum,3,top-2,1.206,1.199,6.21,5.15,-7.49,0.829,27.1,0.94
no_correlation,3,top-2,1.077,1.07,6.33,5.88,-11.2,0.566,9.5,0.981
no_breadth,3,top-2,0.757,0.728,4.35,5.75,-11.69,0.372,11.9,0.871
no_skewness,3,top-2,1.273,1.254,6.44,5.06,-6.46,0.998,20.9,0.929
